Day of Week,Posts Count,Avg Impressions,Avg Reach,Avg Engagements,Avg Engagement Rate,Avg Link Clicks,Avg Follows Gained
Friday,1,20827.0,19883.0,26.0,0.12,272.0,0.0
Monday,7,122724.0,64651.833333333336,1720.142857142857,1.4142857142857144,2359.0,1.7142857142857142
Saturday,20,67932.75,58341.916666666664,1104.2,1.052,1476.6666666666667,11.4
Sunday,9,245221.33333333334,249158.85714285713,2189.6666666666665,0.7077777777777778,11901.8,16.333333333333332
Tuesday,4,197852.0,105425.0,1797.75,0.8674999999999999,1883.0,9.0
Wednesday,4,33409.25,,25.5,0.07750000000000001,,0.0
