Content Theme,Posts Count,Avg Impressions,Avg Reach,Avg Engagements,Avg Engagement Rate,Avg Link Clicks,Avg Follows Gained
,44,121228.90909090909,111659.5172413793,1384.7272727272727,0.9227272727272727,5171.928571428572,9.613636363636363
FightOrder,1,36515.0,35583.0,223.0,0.61,2359.0,0.0
